Artist;Listeners;Daily Trend;Peak;PkListeners
The Weeknd;107;592;328;138
Taylor Swift;101;3;302;889
Ed Sheeran;76;475;126;68
Dua Lipa;76;421;916;71
Bad Bunny;76;162;57;199
Rihanna;75;784;389;116
Drake;75;371;611;67
Justin Bieber;72;623;228;34
Billie Eilish;71;793;820;72
Miley Cyrus;71;277;599;71
David Guetta;70;838;823;97
Travis Scott;67;161;542;362
Ariana Grande;66;501;219;26
Coldplay;65;709;359;24
Calvin Harris;65;35;55;32
Shakira;64;372;12;130
Eminem;64;22;485;52
Post Malone;63;914;311;55
Bruno Mars;63;867;677;246
Doja Cat;63;625;260;716
Nicki Minaj;62;742;304;199
SZA;61;778;853;1
Harry Styles;59;560;609;131
Olivia Rodrigo;58;763;998;732
Imagine Dragons;58;675;255;139
Kanye West;58;60;520;91
Maroon 5;57;136;964;16
Marshmello;57;114;865;125
KAROL G;56;787;835;42
Lana Del Rey;56;710;801;29
Sam Smith;56;1;427;3
21 Savage;55;901;908;86
Selena Gomez;55;309;116;208
Daddy Yankee;54;174;801;95
Lady Gaga;52;765;199;1
Metro Boomin;52;207;822;97
Future;52;74;976;148
Khalid;51;957;671;57
J Balvin;51;590;178;73
BeyoncÃ©;51;442;770;122
Adele;51;380;385;57
Katy Perry;51;148;181;51
Peso Pluma;50;247;712;71
Elton John;48;343;456;43
Queen;47;586;54;93
Chris Brown;47;450;314;25
Kendrick Lamar;47;391;930;8
OneRepublic;47;384;563;104
Myke Towers;47;28;831;27
Rauw Alejandro;46;559;302;100
Ozuna;45;879;131;106
Arctic Monkeys;45;790;38;124
Sia;45;728;333;29
Shawn Mendes;44;310;129;12
Bebe Rexha;43;999;789;1
TiÃ«sto;43;284;312;243
Halsey;42;532;70;1
Bizarrap;42;259;38;150
Charlie Puth;41;537;987;17
Ice Spice;41;330;265;368
J. Cole;41;53;576;4
Ellie Goulding;40;958;180;74
AnneMarie;40;359;289;67
Madonna;40;170;466;70
Black Eyed Peas;39;759;9;4
Feid;39;309;942;23
Maluma;39;49;409;55
Camila Cabello;39;36;838;25
Swae Lee;38;810;802;23
Arijit Singh;38;690;595;147
One Direction;38;536;749;40
James Arthur;38;265;678;77
Farruko;37;832;243;46
Quevedo;37;671;317;44
Playboi Carti;37;595;35;34
The Chainsmokers;37;113;564;141
Pitbull;37;73;791;56
Gunna;36;860;616;101
Michael Jackson;36;634;625;65
Avicii;36;181;200;1
Kali Uchis;36;163;829;178
JAYZ;36;123;827;12
Latto;35;830;709;88
XXXTENTACION;35;700;316;87
Manuel Turizo;35;401;805;41
Grupo Frontera;35;384;989;45
Lil Wayne;35;298;366;3
ROSALÃA;35;254;223;174
Pritam;34;813;108;32
Lil Uzi Vert;34;776;681;128
Aqua;34;609;662;440
Sean Paul;34;452;73;20
Linkin Park;34;285;668;36
P!nk;34;111;856;50
Diplo;33;618;734;27
Britney Spears;33;461;12;12
Jhayco;33;434;552;173
Shreya Ghoshal;33;391;480;56
BTS;33;370;323;53
Justin Timberlake;33;200;525;145
Fleetwood Mac;33;130;490;105
Jung Kook;33;129;942;14
Don Omar;33;56;866;30
Central Cee;32;987;690;33
Anuel AA;32;893;376;3
Jason Derulo;32;845;537;53
DJ Snake;32;723;484;7
Ava Max;32;657;739;68
Becky G;32;649;815;40
Rema;32;565;695;107
The Neighbourhood;32;68;86;69
Lewis Capaldi;32;40;638;22
A.R. Rahman;31;769;38;36
The Kid LAROI;31;700;200;129
Cardi B;31;401;409;617
50 Cent;31;289;781;731
Young Thug;31;113;135;44
Coi Leray;31;104;332;17
Demi Lovato;31;83;651;142
Alan Walker;31;13;358;48
Pharrell Williams;30;939;195;60
Wiz Khalifa;30;768;961;37
Lil Baby;30;624;100;122
Snoop Dogg;30;263;549;59
Macklemore;30;261;973;48
Red Hot Chili Peppers;30;185;947;1
Juice WRLD;30;165;389;54
The Beatles;30;44;113;52
Green Day;29;704;236;158
A$AP Rocky;29;660;375;23
Tyler;29;527;907;26
DaBaby;29;327;146;34
Young Miko;29;292;68;15
Tainy;29;180;506;75
Lil Nas X;29;158;630;51
Labrinth;29;13;808;27
Creedence Clearwater Revival;28;942;817;90
Guns N' Roses;28;849;559;32
Dave;28;749;706;109
USHER;28;531;394;1
AC/DC;28;530;585;38
Kodak Black;28;193;190;27
Chencho Corleone;28;42;630;42
Sebastian Yatra;28;39;329;6
Hozier;28;0;162;65
RAYE;27;913;578;300
Nirvana;27;865;999;13
Nicky Jam;27;839;29;19
Miguel;27;835;809;27
Frank Ocean;27;775;72;48
ABBA;27;756;518;6
Lil Durk;27;688;791;64
Flo Rida;27;655;303;57
Troye Sivan;27;324;893;90
Robin Schulz;27;163;571;24
Kygo;27;98;941;58
Bon Jovi;26;747;426;43
Junior H;26;714;363;53
Ty Dolla $ign;26;675;835;86
Calum Scott;26;667;453;1
Steve Lacy;26;650;153;81
Jack Harlow;26;620;407;14
Eslabon Armado;26;453;581;125
Daniel Caesar;26;269;701;7
Stephen Sanchez;26;219;969;73
Bee Gees;26;203;297;115
The Police;26;182;817;95
Meghan Trainor;26;105;163;6
Fall Out Boy;26;34;639;46
DJ Khaled;26;22;795;275
FIFTY FIFTY;25;946;120;141
Maria Becerra;25;927;836;3
The Rolling Stones;25;826;785;277
Morgan Wallen;25;748;660;19
d4vd;25;720;715;118
Twenty One Pilots;25;691;96;51
Carin Leon;25;609;771;63
Lost Frequencies;25;466;808;65
NewJeans;25;411;49;30
Akon;25;310;879;102
David Kushner;25;151;742;29
PinkPantheress;25;151;265;20
Amitabh Bhattacharya;25;62;547;4
Metallica;25;60;410;34
Sabrina Carpenter;25;17;911;25
Mariah Carey;24;989;476;64
Major Lazer;24;984;663;35
Nelly Furtado;24;962;665;198
JVKE;24;850;437;54
Tame Impala;24;668;31;37
Swedish House Mafia;24;623;937;27
Tyga;24;604;130;2
Jonas Brothers;24;509;669;4
Alicia Keys;24;418;967;27
Yng Lvcas;24;340;556;92
Tory Lanez;24;339;532;6
ZAYN;24;323;31;32
Polo G;24;310;207;10
BLACKPINK;24;221;202;158
Yandel;24;214;789;21
Kid Cudi;24;184;963;17
Duki;24;181;175;5
Mac Miller;24;74;93;19
Radiohead;24;14;999;21
Enrique Iglesias;24;10;676;17
Pop Smoke;23;985;199;48
Anirudh Ravichander;23;976;58;287
Christina Aguilera;23;817;447;15
ArcÃ¡ngel;23;798;577;47
Glass Animals;23;750;110;28
Ryan Castro;23;745;395;24
Don Toliver;23;741;853;42
Alok;23;687;842;103
Romeo Santos;23;683;598;17
Luke Combs;23;665;95;19
Peggy Gou;23;475;593;32
Conan Gray;23;450;283;29
Aerosmith;23;377;764;50
Whitney Houston;23;349;781;20
Zara Larsson;23;300;652;45
Gorillaz;23;290;331;1
Tom Odell;23;284;933;19
Charli XCX;23;281;504;6
Disney;23;281;326;36
2Pac;23;214;872;3
Giveon;23;176;661;6
Joji;23;123;178;25
Em Beihold;23;42;309;3
R3HAB;22;953;721;18
Tate McRae;22;852;503;19
Fuerza Regida;22;820;125;59
Panic! At The Disco;22;806;854;50
Dr. Dre;22;806;583;72
Jennifer Lopez;22;800;360;3
El Alfa;22;652;171;62
NeYo;22;638;529;81
Childish Gambino;22;636;743;29
Martin Garrix;22;635;843;36
Billy Joel;22;567;417;18
Vance Joy;22;539;880;38
Eladio Carrion;22;534;665;50
Trippie Redd;22;527;269;4
Mark Ronson;22;509;775;31
Macklemore & Ryan Lewis;22;494;608;50
Ryan Lewis;22;451;715;49
The Lumineers;22;447;688;137
Shilpa Rao;22;415;4;208
Nicki Nicole;22;404;339;7
Mora;22;354;623;199
Megan Thee Stallion;22;276;169;743
Elley DuhÃ©;22;242;502;116
The Killers;22;220;165;28
Kim Petras;22;209;434;139
Luis Fonsi;22;126;853;11
MÃ¥neskin;22;17;529;207
VishalShekhar;22;17;118;32
SachinJigar;21;882;944;16
Skrillex;21;776;916;8
Paramore;21;507;264;58
MEDUZA;21;452;812;5
Clean Bandit;21;416;998;2
Camilo;21;355;225;61
The Notorious B.I.G.;21;337;810;47
Brent Faiyaz;21;328;5;35
Felix Jaehn;21;252;900;25
Lizzo;21;204;430;114
Jonas Blue;21;171;279;51
John Legend;21;156;371;3
Lorde;21;135;977;61
Sech;21;69;14;44
Outkast;21;54;876;12
Zach Bryan;21;27;724;418
Summer Walker;20;988;470;10
JID;20;839;227;33
Wisin & Yandel;20;830;791;781
Foo Fighters;20;702;362;10
Phil Collins;20;668;195;24
Bastille;20;612;768;28
Zion & Lennox;20;579;547;14
Roddy Ricch;20;560;456;182
Tanishk Bagchi;20;541;786;28
Anitta;20;478;580;23
Eagles;20;377;153;384
Natanael Cano;20;317;260;10
TOTO;20;311;58;33
Offset;20;266;550;62
Plan B;20;263;118;7
NLE Choppa;20;234;883;54
U2;20;231;49;19
Oasis;20;201;900;29
Lauv;20;133;270;39
Jubin Nautiyal;20;122;460;55
KK;20;82;172;20
Anderson .Paak;20;64;181;20
Burna Boy;20;59;135;49
Tears For Fears;20;49;284;81
Udit Narayan;20;17;880;2
Marvin Gaye;19;999;932;106
Ruth B.;19;993;155;27
Daft Punk;19;955;865;24
Rels B;19;927;938;48
Tiago PZK;19;841;135;28
Chris Stapleton;19;801;736;52
Christian Nodal;19;764;453;7
Bryan Adams;19;753;710;15
5 Seconds of Summer;19;747;371;45
Reik;19;710;478;13
Darshan Raval;19;709;477;59
Timbaland;19;697;130;245
Bob Marley & The Wailers;19;665;617;50
Gabito Ballesteros;19;637;756;60
Alesso;19;557;582;27
Florence + The Machine;19;552;706;15
PNAU;19;504;177;40
A Boogie Wit da Hoodie;19;293;685;143
B.o.B;19;263;68;16
Grupo Firme;19;86;940;50
Stevie Wonder;19;33;396;8
TINI;19;22;854;46
Alka Yagnik;19;6;775;10
Jay Wheeler;18;977;419;72
Nelly;18;927;46;946
Kesha;18;881;699;8
Shankar Mahadevan;18;856;947;1
Big Sean;18;842;322;3
Becky Hill;18;830;73;33
Julia Michaels;18;826;294;30
Pink Floyd;18;791;532;42
Hotel Ugly;18;736;585;49
The Offspring;18;727;741;66
MC Kevin o Chris;18;621;476;15
Danny Ocean;18;500;280;30
Migos;18;431;323;33
Led Zeppelin;18;414;926;29
Avril Lavigne;18;335;483;17
Juanes;18;327;301;28
Journey;18;282;249;24
Vishal Mishra;18;261;208;46
French Montana;18;158;9;12
Train;18;142;889;1
Doechii;18;83;33;40
Piso 21;18;41;669;52
Jonita Gandhi;18;13;716;90
R.E.M.;17;988;456;17
Carly Rae Jepsen;17;950;309;72
Elvis Presley;17;943;572;3
Oliver Tree;17;918;599;19
blink182;17;911;522;676
Cigarettes After Sex;17;884;283;28
Alec Benjamin;17;821;830;1
Earth  Wind & Fire;17;739;235;69
Kelly Clarkson;17;736;733;44
League of Legends;17;629;115;1
Joel Corry;17;608;419;237
Dire Straits;17;583;132;3
aha;17;509;236;18
Shaggy;17;474;596;7
Aventura;17;468;742;751
System Of A Down;17;456;630;38
ManÃ¡;17;455;399;19
Daryl Hall & John Oates;17;454;211;35
BeÃ©le;17;430;193;58
blackbear;17;365;114;22
Justin Quiles;17;364;884;3
Little Mix;17;298;704;6
Ãengo Flow;17;290;81;5
Luis Miguel;17;287;281;71
Dean Lewis;17;282;123;30
De La Ghetto;17;276;193;36
YoungBoy Never Broke Again;17;263;743;76
Baby Keem;17;258;372;7
Alessia Cara;17;190;344;27
PARTYNEXTDOOR;17;182;482;26
Vishal Dadlani;17;102;60;69
Niall Horan;17;46;772;37
Jason Mraz;17;24;69;32
GEazy;17;13;957;65
Backstreet Boys;16;972;687;14
Sonu Nigam;16;957;534;23
The Cranberries;16;946;878;39
The Cure;16;913;364;25
Chinmayi;16;911;977;26
Lil Tjay;16;885;557;22
Atif Aslam;16;866;865;1
Cris Mj;16;861;487;155
Steve Aoki;16;859;565;20
Mac DeMarco;16;836;296;33
David Bowie;16;821;498;25
Shania Twain;16;809;895;67
Emilia;16;804;719;129
George Michael;16;790;739;11
Imanbek;16;787;217;5
Dominic Fike;16;781;477;8
Libianca;16;748;951;106
The Script;16;748;730;7
Russ;16;701;888;59
George Ezra;16;660;984;47
Nile Rodgers;16;656;408;70
Jasleen Royal;16;651;77;267
FMK;16;640;237;21
Mohit Chauhan;16;632;516;12
Zedd;16;592;427;22
Gucci Mane;16;553;573;1
Bryson Tiller;16;551;17;31
Luis R Conriquez;16;514;511;995
Prince Royce;16;491;435;7
Mc Gw;16;488;133;254
Eden MuÃ±oz;16;485;789;79
Lynyrd Skynyrd;16;456;350;22
NF;16;455;308;29
LUDMILLA;16;391;761;4
Quavo;16;303;771;5
Bill Withers;16;261;729;74
Sachet Tandon;16;227;51;49
Bruce Springsteen;16;226;643;3
AP Dhillon;16;210;854;115
Ice Cube;16;195;49;26
Lil Tecca;16;138;802;84
LIT killah;16;101;675;38
Kungs;16;63;291;72
Jax Jones;16;51;684;25
Topic;16;40;418;26
Ella Henderson;16;25;418;27
Los Ãngeles Azules;16;21;310;69
Jessie J;15;971;871;8
Tove Lo;15;970;694;93
Bad Gyal;15;942;222;29
benny blanco;15;930;635;15
Rosa Linn;15;915;17;101
Lord Huron;15;906;977;46
Gesaffelstein;15;891;155;2
Tokischa;15;856;953;20
Banda MS de Sergio LizÃ¡rraga;15;852;687;22
Keane;15;823;574;22
The White Stripes;15;800;722;12
MC Ryan SP;15;750;834;46
Badshah;15;710;761;52
The Goo Goo Dolls;15;704;120;66
John Mayer;15;629;289;26
ShankarEhsaanLoy;15;619;26;2
Nickelback;15;571;772;19
070 Shake;15;549;639;45
Ana Castela;15;542;197;49
My Chemical Romance;15;525;39;17
Sunidhi Chauhan;15;477;126;7
Cyndi Lauper;15;453;338;25
Bon Iver;15;427;244;13
Kings of Leon;15;415;693;22
Ricky Martin;15;401;930;25
beabadoobee;15;334;890;3
Brray;15;301;717;113
Noah Kahan;15;259;153;25
Gwen Stefani;15;242;336;7
TV Girl;15;240;196;39
Blessd;15;179;576;27
Santana;15;173;412;53
Julieta Venegas;15;136;147;6
Gabry Ponte;15;117;896;22
Ovy On The Drums;15;89;695;59
DENNIS;15;73;535;21
NATTI NATASHA;15;62;502;27
Amy Winehouse;15;60;801;437
Annie Lennox;15;24;556;18
6LACK;15;6;811;5
Black Sabbath;14;873;594;25
Carlos Vives;14;861;437;2
B Praak;14;842;549;2
Kylie Minogue;14;838;923;1
Alejandro FernÃ¡ndez;14;799;640;17
Lil Peep;14;749;584;54
Bomba EstÃ©reo;14;740;676;30
Armin van Buuren;14;739;359;5
Jain;14;707;409;62
Rusherking;14;658;187;30
Mike Posner;14;619;745;11
Morat;14;595;190;57
Clairo;14;585;428;42
Big One;14;579;468;173
Kunaal Vermaa;14;549;882;53
Lenny TavÃ¡rez;14;505;595;3
Disclosure;14;499;906;20
Melanie Martinez;14;499;873;563
Madison Beer;14;495;280;20
Purple Disco Machine;14;464;92;114
Weezer;14;439;765;5
Frank Sinatra;14;391;925;33
Mithoon;14;380;477;4
Fred again..;14;358;951;149
Armaan Malik;14;291;502;43
Kacey Musgraves;14;284;778;506
Benson Boone;14;274;669;10
Jorja Smith;14;242;850;4
Meek Mill;14;213;200;2
Tony Dize;14;179;930;4
Destiny's Child;14;171;491;640
DJ Luian;14;170;471;12
Milky Chance;14;151;286;12
Lukas Graham;14;137;648;97
Empire of the Sun;14;125;570;23
New West;14;87;997;46
Van Halen;14;48;868;50
Passenger;14;47;859;7
Neha Kakkar;14;34;288;10
Parampara Tandon;14;23;788;34
DBlock Europe;14;19;98;458
Jaani;14;12;948;52
24kGoldn;14;12;294;2
Mambo Kingz;14;9;730;12
Paulo Londra;13;918;348;20
Tones And I;13;912;509;44
Himesh Reshammiya;13;897;260;9
Rita Ora;13;829;17;13
Kehlani;13;773;404;24
Zendaya;13;750;898;74
Asees Kaur;13;746;431;21
Limp Bizkit;13;745;27;17
Gym Class Heroes;13;737;194;88
Galantis;13;730;4;41
Maren Morris;13;716;963;38
Rae Sremmurd;13;680;387;15
Los Tucanes De Tijuana;13;667;156;114
Arcane;13;661;956;16
Sam Feldt;13;606;617;35
Tems;13;595;161;5
The 1975;13;559;423;12
Foster The People;13;556;684;13
Cage The Elephant;13;554;549;6
Tulsi Kumar;13;553;64;6
Grupo Marca Registrada;13;553;62;113
Jesse & Joy;13;532;22;74
Alejandro Sanz;13;520;993;3
X Ambassadors;13;513;613;10
Sean Kingston;13;500;823;7
Rochak Kohli;13;497;98;15
Depeche Mode;13;481;263;61
Javed Ali;13;463;479;32
Dolly Parton;13;458;703;28
Dan + Shay;13;428;922;8
Coolio;13;406;704;27
King;13;383;3;30
Eyedress;13;377;144;83
Rex Orange County;13;355;48;2
Muse;13;344;215;6
Neeti Mohan;13;342;643;39
Silk Sonic;13;330;824;34
sped up nightcore;13;329;402;6
Ms. Lauryn Hill;13;327;564;26
Fast & Furious: The Fast Saga;13;285;863;65
Aitana;13;274;850;21
Wisin;13;261;16;28
Machine Gun Kelly;13;241;212;11
CÃ©line Dion;13;224;660;2
Florida Georgia Line;13;198;545;15
Lil Yachty;13;193;27;137
Shubh;13;187;776;20
Scorpions;13;184;116;6
Kordhell;13;164;820;6
Pearl Jam;13;161;368;19
KISS;13;149;841;15
Bazzi;13;111;121;4
Bring Me The Horizon;13;110;469;20
DJ Nelson;13;41;599;20
Chase Atlantic;13;3;848;44
Amaal Mallik;13;0;859;50
WILLOW;12;961;454;32
Dulquer Salmaan;12;956;266;350
Tammi Terrell;12;952;760;105
Blondie;12;949;446;1
The Smiths;12;939;257;15
Hariharan;12;936;969;978
Pablo AlborÃ¡n;12;915;982;5
Jowell & Randy;12;914;399;963
Laufey;12;906;283;184
The Strokes;12;906;248;8
Nicky Youre;12;895;618;38
Taio Cruz;12;885;150;24
Boney M.;12;859;29;2
girl in red;12;852;327;27
LuÃ­sa Sonza;12;779;320;295
Milo j;12;759;373;71
Yahritza Y Su Esencia;12;752;992;106
Van Morrison;12;740;150;36
The Game;12;704;338;4
Jack Johnson;12;696;219;9
NAV;12;685;475;55
Dermot Kennedy;12;666;199;20
Nio Garcia;12;636;759;3
MGMT;12;632;508;5
MarÃ­lia MendonÃ§a;12;621;397;36
Lata Mangeshkar;12;599;244;6
Gusttavo Lima;12;574;418;56
MNEK;12;574;196;21
Electric Light Orchestra;12;535;208;5
Jeremih;12;527;656;11
S3BZS;12;517;406;26
Kane Brown;12;491;654;25
Mc Don Juan;12;453;939;11
Evanescence;12;427;349;9
Benny Dayal;12;400;284;40
Bradley Cooper;12;397;414;12
Sid Sriram;12;396;163;8
Mau y Ricky;12;388;586;7
Henrique & Juliano;12;375;381;45
iann dior;12;374;919;65
Chino Pacas;12;362;414;207
Sky Rompiendo;12;316;903;32
Rahat Fateh Ali Khan;12;281;250;9
Fergie;12;233;12;13
Rick Ross;12;232;666;6
Payal Dev;12;229;639;21
Loreen;12;194;769;33
Foreigner;12;184;975;39
Eurythmics;12;176;576;18
Tyler Childers;12;153;177;109
Hailee Steinfeld;12;150;295;13
Gustavo Mioto;12;149;819;17
The Beach Boys;12;148;56;7
Selena Gomez & The Scene;12;134;825;86
Christina Perri;12;120;972;5
Dalex;12;120;281;15
Shekhar Ravjiani;12;105;273;21
Oscar Maydon;12;96;350;2
Chayanne;12;82;584;1
Matheus & Kauan;12;69;790;22
Yeat;12;57;928;78
Eric Clapton;12;22;195;7
Logic;12;3;658;7
M83;11;982;170;8
Luan Pereira;11;962;77;63
Michael BublÃ©;11;953;122;58
Noah Cyrus;11;929;770;14
Slipknot;11;905;27;5
S. P. Balasubrahmanyam;11;899;72;2
Ashe;11;866;980;23
will.i.am;11;865;210;10
Blur;11;847;80;68
Goodboys;11;828;871;28
Seeb;11;828;823;21
keshi;11;822;317;33
Kumaar;11;797;376;55
Felipe Amorim;11;785;140;58
Tina Turner;11;782;461;25
Calibre 50;11;776;754;4
CKay;11;767;760;27
Thundercat;11;752;53;27
Beach House;11;751;820;11
Normani;11;751;362;42
Morad;11;724;819;40
Luan Santana;11;716;351;17
James Hype;11;714;485;31
JatinLalit;11;711;637;1
Busta Rhymes;11;709;674;104
dazy;11;698;866;24
TPain;11;690;949;3
DNCE;11;686;566;7
Robbie Williams;11;681;764;20
Loud Luxury;11;678;616;17
SYML;11;673;747;6
SalimâSulaiman;11;668;946;4
Sigala;11;667;778;40
James Blunt;11;656;3;34
Ke Personajes;11;653;793;14
ZÃ© Neto & Cristiano;11;653;473;32
Luke Bryan;11;646;218;46
The Clash;11;627;935;23
Sade;11;627;309;11
AURORA;11;613;956;3
V;11;606;153;302
Saiko;11;603;478;210
A$AP Ferg;11;600;864;906
James Bay;11;592;902;75
Spice Girls;11;577;466;31
Lyanno;11;574;495;35
Paul McCartney;11;573;817;34
Tracy Chapman;11;560;802;39
INNA;11;553;441;24
Mari Fernandez;11;536;832;11
Johnny Cash;11;534;601;7
Wham!;11;533;536;7
Papa Roach;11;525;569;14
Aretha Franklin;11;524;332;12
Key Glock;11;519;380;52
The Pussycat Dolls;11;516;978;1
Ciara;11;498;96;29
Kate Bush;11;490;818;452
Sukhwinder Singh;11;489;132;56
FISHER;11;488;151;6
Lionel Richie;11;482;572;7
Anu Malik;11;473;160;3
WALK THE MOON;11;444;526;23
Simon & Garfunkel;11;409;572;1
Marc Anthony;11;403;42;9
Yuvan Shankar Raja;11;396;407;9
Billy Idol;11;379;187;1
Altamash Faridi;11;376;980;39
John Newman;11;366;247;19
3 Doors Down;11;363;335;26
Zac Brown Band;11;359;157;3
John Martin;11;351;478;26
K. S. Chithra;11;339;272;14
Los Enanitos Verdes;11;317;703;30
Cults;11;316;837;11
LinManuel Miranda;11;315;976;569
Mitski;11;310;399;29
Prince;11;296;425;6
Kadu Martins;11;268;989;12
Santa Fe Klan;11;255;812;143
Devi Sri Prasad;11;241;644;15
Tom Petty;11;238;824;16
Moneybagg Yo;11;237;831;14
The Walters;11;237;281;2
(G)IDLE;11;207;374;37
Ãejo;11;203;209;5
Jorge & Mateus;11;197;401;20
Brytiago;11;182;139;57
YG;11;179;867;14
Dove Cameron;11;178;406;504
Jaymes Young;11;176;774;37
The Doors;11;176;130;10
Soulja Boy;11;166;216;6
James Blake;11;165;921;42
$uicideboy$;11;158;631;24
Leon Bridges;11;155;370;1
Stromae;11;146;761;14
Joan Sebastian;11;144;520;2
Diljit Dosanjh;11;136;581;32
Amit Trivedi;11;134;514;7
Manu Chao;11;122;415;37
LISA;11;105;985;34
Seafret;11;59;486;19
JhenÃ© Aiko;11;26;717;9
Israel & Rodolffo;10;999;760;17
H.E.R.;10;995;651;12
SOG;10;993;866;97
Wesley SafadÃ£o;10;977;362;43
YNW Melly;10;970;283;278
Gurinder Gill;10;967;648;3
Diddy;10;949;396;46
Maiara & Maraisa;10;933;833;50
Carrie Underwood;10;920;421;64
Timmy Trumpet;10;917;802;24
Rod Stewart;10;902;571;686
The Smashing Pumpkins;10;902;411;13
Bailey Zimmerman;10;899;853;1
Bob Sinclar;10;876;773;10
La Oreja de Van Gogh;10;876;307;14
Gotye;10;840;730;29
Nas;10;831;547;50
Dimitri Vegas & Like Mike;10;829;912;4
Yo Yo Honey Singh;10;815;334;30
SofÃ­a Reyes;10;804;609;6
Counting Crows;10;803;347;7
Thaman S;10;780;487;4
Cosculluela;10;767;894;90
Hombres G;10;757;760;790
T.I.;10;744;267;64
La Adictiva;10;724;164;14
Juan Luis Guerra 4.40;10;718;577;128
TLC;10;668;115;23
Lenny Kravitz;10;665;928;3
Roxette;10;649;681;6
Justine Skye;10;635;767;45
Rammstein;10;629;300;7
INTERWORLD;10;600;701;4
Disturbed;10;586;327;10
Ben E. King;10;584;109;51
Ayra Starr;10;558;716;101
Rudimental;10;546;446;3
Chance the Rapper;10;543;446;1
6ix9ine;10;526;119;26
Darell;10;508;541;11
Sasha Alex Sloan;10;504;600;2
Jeremy Zucker;10;500;742;10
Beach Weather;10;491;90;5
Camila;10;489;182;14
KHEA;10;483;684;9
Soda Stereo;10;471;468;17
Shouse;10;465;461;27
Mumford & Sons;10;459;358;4
Korn;10;456;482;6
Mary J. Blige;10;456;126;10
Olivia NewtonJohn;10;431;333;26
KALEO;10;426;944;83
Survivor;10;411;352;5
John Lennon;10;405;541;37
Guilherme & Benuto;10;400;18;37
Cartel De Santa;10;378;22;8
2 Chainz;10;353;764;15
Kumar Sanu;10;349;727;3
Danna Paola;10;342;684;27
Cazzu;10;342;214;50
Shinda Kahlon;10;329;353;60
bbno$;10;325;79;4
Gigi D'Agostino;10;322;82;15
Jordan Davis;10;318;612;24
A7S;10;311;540;44
Fifth Harmony;10;304;947;3
fun.;10;301;628;45
Belanova;10;284;935;35
FAST BOY;10;276;283;17
Flume;10;274;981;687
Veigh;10;271;396;13
Mc Livinho;10;269;46;2
Regard;10;268;704;175
TOMORROW X TOGETHER;10;262;457;55
Thomas Rhett;10;242;227;20
SAINt JHN;10;240;598;16
Jess Glynne;10;229;614;13
Matheus Fernandes;10;225;156;58
Zion;10;224;872;15
AJR;10;205;951;25
Kenny Loggins;10;200;387;10
Wizkid;10;193;951;18
Marco Antonio SolÃ­s;10;190;863;1
Shadab Faridi;10;177;76;48
Three Days Grace;10;168;254;41
GAYLE;10;166;833;36
Kimbra;10;161;294;25
Yusuf / Cat Stevens;10;141;636;13
Hans Zimmer;10;132;691;21
Jessie Reyez;10;131;37;11
Lizzy McAlpine;10;123;490;37
Sadhana Sargam;10;114;594;2
Taiu;10;111;704;35
Owl City;10;95;113;12
Supertramp;10;76;850;45
NIKI;10;66;210;33
Simone Mendes;10;64;336;17
Chief Keef;10;46;109;6
Sting;10;42;495;4
MAGIC!;10;42;303;25
Natalia Lafourcade;10;31;467;23
Gera MX;10;31;334;12
Riton;10;25;454;4
TWICE;10;23;650;19
Sidhu Moose Wala;10;22;146;20
The Fray;10;4;725;1
Kelsea Ballerini;10;1;707;104
KayBlack;9;993;884;16
L7NNON;9;985;168;9
Grupo Menos Ã Mais;9;982;472;57
Trueno;9;974;71;7
INXS;9;960;38;1
Sleepy Hallow;9;942;289;75
Kany GarcÃ­a;9;940;323;12
Birdy;9;918;832;7
Mae Stephens;9;915;545;75
Alfredo Olivas;9;905;823;6
Bacilos;9;898;399;82
MC Cabelinho;9;894;565;1
Sum 41;9;888;73;15
Colbie Caillat;9;887;684;15
Los Tigres Del Norte;9;881;792;1
Juan Gabriel;9;873;768;36
Zac Efron;9;872;942;74
The Mamas & The Papas;9;870;923;8
sped up + slowed;9;853;625;21
Otis Redding;9;852;94;17
BÃRNS;9;846;185;7
Mc Pedrinho;9;822;284;21
Stormzy;9;813;546;19
Karthik;9;812;589;4
Dhvani Bhanushali;9;808;363;5
Jimmy Eat World;9;804;332;11
Tim McGraw;9;799;293;20
Rage Against The Machine;9;799;94;18
Jason Aldean;9;784;148;30
Icona Pop;9;756;151;37
Phoebe Bridgers;9;745;428;10
Tego CalderÃ³n;9;741;345;1
MK;9;741;98;76
Lunay;9;722;175;1
The Black Keys;9;720;99;40
C. Tangana;9;717;884;25
Ryan Gosling;9;714;871;284
Migrantes;9;711;549;81
Harris Jayaraj;9;711;316;359
BIA;9;706;788;96
Nadin Amizah;9;703;327;16
Fireboy DML;9;700;123;12
Isabel LaRosa;9;700;84;11
YOASOBI;9;695;52;28
Pedro CapÃ³;9;673;452;2
AgroPlay;9;670;733;10
Rascal Flatts;9;664;65;20
James Carter;9;656;139;7
Kailash Kher;9;653;755;48
JuliÃ³n Ãlvarez y su NorteÃ±o Banda;9;650;635;12
Mustard;9;644;589;5
Yuridia;9;643;462;23
Ofenbach;9;635;613;42
Cher;9;635;302;18
MARINA;9;630;446;24
ILLENIUM;9;625;234;16
Ozzy Osbourne;9;607;590;33
Bob Dylan;9;595;254;144
Young Nudy;9;589;594;60
AminÃ©;9;576;485;2
LE SSERAFIM;9;564;802;66
Heart;9;550;535;12
Pixies;9;546;160;12
Cordae;9;545;919;2
R. D. Burman;9;536;148;12
Jeet Gannguli;9;529;92;7
Takeoff;9;526;541;31
Fujii Kaze;9;505;719;24
Smash Mouth;9;494;485;44
Vicente FernÃ¡ndez;9;494;414;32
Kansas;9;491;265;6
Matt Sassari;9;482;324;1
Rag'n'Bone Man;9;480;937;54
Ghea Indrawari;9;471;480;33
Pink Sweat$;9;468;284;38
Shaan;9;464;733;10
GIMS;9;460;495;50
Hoobastank;9;455;35;882
Kaliii;9;446;479;13
Bonnie Tyler;9;446;349;6
Mon Laferte;9;437;178;7
Gnarls Barkley;9;429;897;70
Thalia;9;419;663;2
No Doubt;9;417;196;985
M.I.A.;9;394;684;36
Sfera Ebbasta;9;379;484;30
Snow Patrol;9;378;617;7
Eric Church;9;368;340;10
Ghost;9;367;569;25
DMX;9;361;469;12
Louis Armstrong;9;343;207;27
Carla Morrison;9;341;520;23
ZZ Top;9;327;449;12
El Fantasma;9;318;583;79
Wolfine;9;306;575;779
Lola Indigo;9;304;364;32
Dilsinho;9;304;49;36
ENHYPEN;9;300;952;8
Ski Mask The Slump God;9;300;723;16
Mahalini;9;284;52;885
Tulus;9;281;231;12
Sam Hunt;9;279;20;66
Bakar;9;258;923;42
MC PH;9;252;105;30
XamÃ£;9;250;304;11
Oliver Heldens;9;245;688;66
Dj Nk Da Serra;9;242;132;25
Will Smith;9;233;761;9
AjayAtul;9;225;258;8
Kool & The Gang;9;222;624;13
DJ Matt D;9;219;446;5
The Temptations;9;207;779;22
Bryant Myers;9;188;847;12
Portugal. The Man;9;181;962;46
G. V. Prakash;9;180;441;21
Noriel;9;176;518;7
Jasiel NuÃ±ez;9;176;316;221
Avenged Sevenfold;9;167;765;4
Jimi Hendrix;9;153;763;4
Miranda!;9;137;951;49
Rvssian;9;136;365;27
Shiloh Dynasty;9;129;528;15
Edgardo NuÃ±ez;9;125;900;20
Ranveer Singh;9;119;186;82
The Who;9;116;666;9
Asha Bhosle;9;113;946;18
Kavita Krishnamurthy;9;113;938;10
Vulgo FK;9;106;488;17
Karan Aujla;9;81;861;13
Ãngela Aguilar;9;75;992;55
Saweetie;9;62;270;15
Jon Pardi;9;60;857;23
Capital Cities;9;60;812;32
PolimÃ¡ Westcoast;9;56;736;26
Jimin;9;50;703;26
Rajat Nagpal;9;50;536;1
Willy William;9;48;318;49
SajidWajid;9;40;861;22
Oliver Anthony Music;9;40;509;168
Micro TDH;9;24;902;27
HUGEL;9;8;768;13
SachetParampara;9;6;803;4
Simple Minds;8;995;75;12
ScHoolboy Q;8;991;45;8
Benny Benassi;8;990;809;27
Duran Duran;8;981;644;9
Beastie Boys;8;963;32;28
Deftones;8;960;980;14
Lykke Li;8;941;780;14
MAX;8;940;330;20
Tito El Bambino;8;936;710;26
Andy Grammer;8;933;805;13
Sufjan Stevens;8;929;85;22
Paloma Faith;8;919;709;10
NATTAN;8;914;591;28
Dread Mar I;8;911;243;75
Blake Shelton;8;906;722;9
Roop Kumar Rathod;8;904;481;17
Guru Randhawa;8;894;713;3
Joey Bada$$;8;892;251;2
Sublime;8;883;246;11
Diego & Victor Hugo;8;870;831;76
The Verve;8;869;659;4
Alan Jackson;8;867;885;12
Internet Money;8;862;363;4
Fetty Wap;8;857;960;3
Men At Work;8;853;821;55
John Denver;8;844;512;9
MÃ¶tley CrÃ¼e;8;840;68;3
Vacations;8;837;886;15
Nathan Dawe;8;837;246;28
Odetari;8;829;162;12
FINNEAS;8;825;874;5
JavedMohsin;8;819;514;3
Chicago;8;818;9;25
Missy Elliott;8;801;557;46
dhruv;8;798;928;8
LMFAO;8;794;691;12
Ella Eyre;8;793;489;12
Juan MagÃ¡n;8;785;89;11
Miguel BosÃ©;8;777;253;16
The Doobie Brothers;8;772;139;11
Thirty Seconds To Mars;8;754;139;14
Surf Curse;8;737;310;27
Soft Cell;8;734;889;16
Norah Jones;8;732;547;1
The Outfield;8;729;389;28
Kodaline;8;721;488;8
Aya Nakamura;8;707;829;2
The Cardigans;8;700;371;12
Richy Mitch & The Coal Miners;8;698;174;47
altJ;8;692;531;901
Rvfv;8;688;100;79
Miggy Dela Rosa;8;680;113;36
Two Feet;8;672;429;25
Nikhita Gandhi;8;671;895;3
Anggi Marito;8;668;727;22
Ali Gatie;8;667;629;19
The Jackson 5;8;667;464;27
King Von;8;651;347;32
VIZE;8;642;634;23
Creeds;8;642;479;16
Steve Miller Band;8;635;996;23
Talking Heads;8;633;94;4
The MarÃ­as;8;615;841;22
Of Monsters and Men;8;606;23;12
Kenny Chesney;8;604;177;20
Tiara Andini;8;600;932;10
Ricardo Arjona;8;561;463;13
Hugo & Guilherme;8;551;755;44
LANY;8;534;453;13
Zack Tabudlo;8;533;787;2
Sandro Cavazza;8;523;25;16
Standly;8;521;204;23
Mahalakshmi Iyer;8;518;616;21
Duncan Laurence;8;507;203;9
Maggie Rogers;8;495;392;17
ACRAZE;8;491;332;22
Montell Fish;8;480;575;7
Grey;8;479;73;13
Bakermat;8;470;425;25
George Strait;8;453;718;25
JosÃ© JosÃ©;8;451;387;2
Dynoro;8;443;837;21
Tom Grennan;8;443;9;29
Gerardo Coronel;8;435;290;21
Paul Simon;8;427;600;17
Men I Trust;8;422;936;15
Old Dominion;8;414;360;2
Supernova Ent;8;413;196;511
Haze;8;411;986;21
Sheryl Crow;8;407;938;33
Davido;8;384;146;7
Dj Brunin XM;8;380;916;71
Dido;8;380;69;15
LUM!X;8;371;785;10
Stray Kids;8;369;900;17
Darius Rucker;8;357;257;20
Starship;8;344;274;4
Cheat Codes;8;329;659;9
Intense;8;323;154;50
Ray Charles;8;307;733;22
America;8;301;858;7
Lenin RamÃ­rez;8;298;740;68
Deorro;8;287;12;1
Lauren Spencer Smith;8;280;624;7
Calle 13;8;280;623;23
Pailita;8;274;728;1
Gerardo Ortiz;8;273;401;18
Mainstreet;8;271;320;16
Fugees;8;267;43;13
Rekha Bhardwaj;8;261;857;30
HARDY;8;259;284;9
Carlos Rivera;8;256;388;15
Blxst;8;254;144;11
Bibi Babydoll;8;235;771;69
Mc Paiva ZS;8;226;490;25
Dei V;8;223;830;161
The Vamps;8;202;829;12
OMI;8;189;540;2
ZÃ© Felipe;8;185;635;18
Tom Petty and the Heartbreakers;8;183;763;23
LiL CaKe;8;181;885;69
Bvga Beatz;8;180;663;1
Mabel;8;176;213;14
Santhosh Narayanan;8;168;323;978
Abhijeet;8;166;513;11
Varun Jain;8;157;904;57
Alan Menken;8;137;451;13
Lee Brice;8;137;236;11
Tito Double P;8;130;307;302
Miranda Lambert;8;126;24;3
Iron Maiden;8;124;167;20
Robert Miles;8;120;653;6
Willie Nelson;8;118;773;2
Dusty Springfield;8;111;448;19
MKTO;8;109;415;11
Ha*Ash;8;106;767;11
Sash!;8;106;511;22
Niklas Dee;8;99;854;62
JP Saxe;8;87;369;49
Omar Apollo;8;84;417;29
Casper Magico;8;78;984;19
Cody Johnson;8;78;447;10
Elderbrook;8;77;241;15
American Authors;8;71;697;4
WIU;8;68;432;61
Mc Daniel;8;65;244;157
Jessie Murph;8;54;504;35
Oh Wonder;8;51;793;53
Haricharan;8;47;463;986
Gminxr;8;45;882;7
aespa;8;43;255;47
Keith Urban;8;34;893;28
BYOR;8;29;798;26
La Bouche;8;15;450;22
UB40;8;6;128;29
JP Cooper;7;998;244;15
Nina Simone;7;984;417;5
Beach Bunny;7;976;203;52
Shweta Mohan;7;976;95;4
Selena;7;967;272;2
John Travolta;7;966;275;26
Rashmi Virag;7;965;128;14
Victoria MonÃ©t;7;961;706;79
DJ 900;7;958;328;16
MC Hariel;7;952;216;5
Sin Bandera;7;951;414;23
Majid Jordan;7;941;253;23
Murilo Huff;7;938;749;47
Years & Years;7;938;369;1
Diana Ross;7;932;655;4
Gryffin;7;931;217;21
Neeraj Shridhar;7;927;290;6
Boston;7;911;611;1
Brooks & Dunn;7;911;538;5
VINAI;7;909;742;58
4 Non Blondes;7;906;98;4
Jay Sean;7;903;833;152
Parmish Verma;7;895;534;1
Cali Y El Dandee;7;894;580;19
Why Don't We;7;893;717;52
Ana Gabriel;7;891;142;6
Belinda;7;876;933;865
Skillet;7;859;277;22
Keyshia Cole;7;858;105;37
Lady A;7;845;144;34
Patrick Watson;7;837;595;2
IVE;7;834;887;29
Mario;7;832;468;5
Pineapple StormTv;7;828;956;31
Freddie Dredd;7;828;226;7
J Hus;7;824;659;22
The Animals;7;817;616;10
Mike WiLL MadeIt;7;813;540;78
El Jordan 23;7;812;264;2
Omega;7;808;481;19
ZECCA;7;806;625;38
Luny Tunes;7;800;306;5
Haddaway;7;800;181;16
Shaarib Toshi;7;784;926;1
Antara Mitra;7;784;493;23
Sam Cooke;7;781;786;2
Iggy Azalea;7;781;657;4
Nusrat Fateh Ali Khan;7;778;749;88
Powfu;7;778;111;13
George Harrison;7;766;172;2
Etta James;7;760;975;3
Caralisa Monteiro;7;753;51;7
Jul;7;744;953;16
John Summit;7;731;291;21
Masked Wolf;7;731;75;3
Crazy Mano;7;730;113;24
Audioslave;7;718;558;10
Kavita Seth;7;711;859;891
GAMPER & DADONI;7;710;169;8
Brando;7;706;875;19
Virgoun;7;705;521;508
Palak Muchhal;7;704;874;26
David Bisbal;7;689;627;11
Novo Amor;7;688;177;16
Baco Exu do Blues;7;685;466;43
Wallows;7;683;386;78
Jungle;7;678;435;2
Axwell /\ Ingrosso;7;674;902;11
Def Leppard;7;672;897;3
Two Door Cinema Club;7;660;633;15
Naresh Iyer;7;657;475;12
Nick Jonas;7;656;611;4
Bob Seger;7;650;690;43
Tion Wayne;7;646;535;24
Cascada;7;633;823;4
Kenny Rogers;7;625;35;15
Connor Price;7;622;811;6
Queens of the Stone Age;7;621;932;12
Tz da Coronel;7;620;486;5
Laura Pausini;7;615;297;13
Guaynaa;7;611;74;12
Marc SeguÃ­;7;596;817;4
HAIM;7;591;333;66
Wall Hein;7;591;186;39
Natasha Bedingfield;7;586;238;13
Joan Jett & the Blackhearts;7;580;144;37
Lainey Wilson;7;573;256;4
Vintage Culture;7;569;887;13
Julian Perretta;7;565;70;19
RÃ­o Roma;7;550;315;507
Pamungkas;7;549;92;8
Jelly Roll;7;544;680;13
Mother Mother;7;542;393;10
Ilaiyaraaja;7;539;60;3
Alice In Chains;7;538;490;13
Trey Songz;7;535;981;39
Rich Brian;7;532;714;698
Neil Diamond;7;529;562;3
Lil Mosey;7;524;816;4
The Paper Kites;7;524;426;25
Rod Wave;7;523;338;21
BoyWithUke;7;515;875;18
Pepe Aguilar;7;500;285;24
MIKA;7;498;963;11
Hiphop Tamizha;7;498;378;5
Cristian Castro;7;495;718;192
Raim Laode;7;492;300;8
AlemÃ¡n;7;484;783;41
The Temper Trap;7;478;706;408
Genesis;7;477;33;2
MF DOOM;7;472;553;4
Soolking;7;469;582;5
Ella Mai;7;467;769;11
Jon Z;7;467;728;20
Carlos Baute;7;465;0;23
The Wanted;7;461;981;3
Rise Against;7;461;922;1
Jaideep Sahni;7;460;475;11
Dennis Lloyd;7;459;916;35
Alisha Chinai;7;450;826;16
Kevin Kaarl;7;449;806;14
Iyaz;7;442;603;4
Ricardo Montaner;7;441;261;21
La Arrolladora Banda El LimÃ³n De Rene Camacho;7;436;924;6
Chris Jedi;7;433;356;16
MÃ;7;427;902;25
Franz Ferdinand;7;425;790;14
Leo Santana;7;424;473;39
Mc IG;7;424;60;91
Melody;7;419;451;8
Neon Trees;7;410;573;6
Kishore Kumar;7;398;777;14
Manuel Medrano;7;392;499;60
RocÃ­o DÃºrcal;7;388;763;3
Roy Orbison;7;388;425;15
Young the Giant;7;385;436;48
Franco De Vita;7;378;841;6
Trinix;7;374;660;5
Sleeping At Last;7;370;266;6
Tinashe;7;367;881;78
Incubus;7;359;385;6
Beck;7;359;167;13
Chuck Berry;7;353;276;6
Ludovico Einaudi;7;346;111;5
Johann Sebastian Bach;7;343;195;20
Feby Putri;7;341;988;2
ZoÃ©;7;340;262;5
MatuÃª;7;330;801;23
Nakash Aziz;7;330;453;48
Hindia;7;329;545;20
Gazo;7;329;253;26
Kanii;7;328;172;6
JENNIE;7;322;686;36
Kenshi Yonezu;7;322;583;31
Ikky;7;319;262;34
BONES;7;310;305;21
Edward Maya;7;309;240;2
Sofi Tukker;7;308;618;13
KAYTRANADA;7;302;87;14
Fitz and The Tantrums;7;299;169;8
Fivio Foreign;7;298;121;9
Lil Jon;7;297;27;9
SEVENTEEN;7;288;318;7
Jarabe De Palo;7;276;410;23
Simple Plan;7;268;208;6
Omah Lay;7;259;159;32
Whethan;7;258;84;98
Gracie Abrams;7;249;522;5
DVRST;7;246;959;7
*NSYNC;7;246;621;9
Los Dos Carnales;7;239;280;61
Leona Lewis;7;227;33;411
Shashaa Tirupati;7;221;220;6
The Kooks;7;219;432;13
PEDRO SAMPAIO;7;218;461;11
Cole Swindell;7;214;84;45
Filipe Ret;7;208;354;2
Stebin Ben;7;205;929;45
Omar Montes;7;202;554;84
Alanis Morissette;7;201;702;28
AndrÃ©s Calamaro;7;196;124;4
Dhanush;7;195;908;1
Social House;7;183;419;13
BM;7;178;472;4
Chelsea Cutler;7;176;118;51
Father John Misty;7;173;121;12
Tochi Raina;7;160;325;13
The AllAmerican Rejects;7;155;666;750
Ankit Tiwari;7;150;276;3
Arunraja Kamaraj;7;148;230;5
Alex Rose;7;142;587;1
Fatboy Slim;7;141;845;31
Banda El Recodo;7;137;912;5
Rick Astley;7;133;112;6
Pol Granch;7;122;367;38
Luciano;7;114;338;39
Irene Cara;7;114;257;9
Gulzar;7;112;796;9
Ivan Cornejo;7;112;184;40
Gloria Gaynor;7;109;687;14
The Kinks;7;103;888;2
Gente De Zona;7;103;169;2
The Proclaimers;7;102;855;20
Vijay Prakash;7;101;591;7
Hades66;7;83;886;6
Paulina Rubio;7;78;202;21
Eros Ramazzotti;7;73;325;20
Travis Barker;7;71;955;3
Aaliyah;7;69;471;11
Lasso;7;63;765;20
CNCO;7;48;852;213
Far East Movement;7;25;256;54
AFROJACK;7;21;172;22
Idina Menzel;7;20;457;4
TarcÃ­sio do Acordeon;7;19;652;32
Brandi Carlile;7;10;142;15
Kxllswxtch;7;4;753;261
La Joaqui;7;1;250;47
Harrdy Sandhu;6;994;619;8
All Time Low;6;993;590;8
CafÃ© Tacvba;6;992;70;20
Kausar Munir;6;991;44;20
Surfaces;6;985;635;28
Crowded House;6;974;771;3
Intocable;6;973;56;3
GROUPLOVE;6;968;705;31
Sixpence None The Richer;6;965;766;19
Soundgarden;6;961;415;2
Ricky Montgomery;6;961;44;29
Fat Joe;6;956;966;1
Anuradha Paudwal;6;954;8;920
Fiersa Besari;6;952;560;4
Melendi;6;947;912;30
JT;6;942;888;75
Jory Boy;6;941;873;9
Hippie Sabotage;6;941;785;11
Angel Y Khriz;6;938;642;4
Manoj Muntashir;6;933;450;21
Baby Rasta;6;928;966;9
Adolescent's Orquesta;6;928;491;18
Dyamante DJ;6;928;359;24
Calle 24;6;923;319;322
Katrina & The Waves;6;916;936;18
Five Finger Death Punch;6;916;97;8
Aditya A;6;912;215;22
Ninho;6;908;301;8
Heuss L'enfoirÃ©;6;907;181;17
Tom Walker;6;904;341;12
Gajendra Verma;6;900;509;18
Mika Singh;6;899;685;12
Tinie Tempah;6;898;942;13
NUEKI;6;896;804;34
Meet Bros.;6;896;158;2
Europe;6;894;430;11
MC Rogerinho;6;893;155;72
Orochi;6;893;12;8
Ajaxx;6;888;729;9
Salve Malak;6;886;628;36
Willie ColÃ³n;6;884;967;10
Luar La L;6;876;457;22
Don McLean;6;873;385;20
DJ Jeeh FDC;6;872;417;58
Denzel Curry;6;871;793;29
$NOT;6;867;326;3
Marquinho no Beat;6;866;543;1
Ja Rule;6;865;884;1
Zoe Wees;6;860;27;15
Skylar Grey;6;860;19;27
twocolors;6;859;492;34
Arjun Kanungo;6;855;585;2
London Symphony Orchestra;6;853;42;5
Marca MP;6;850;333;3
The Cars;6;843;957;9
Eve;6;837;499;2
Hardwell;6;836;444;11
KC & The Sunshine Band;6;833;764;29
Culture Club;6;827;923;6
Prezioso;6;824;156;2
Don Diablo;6;822;904;13
NBSPLV;6;813;260;44
Trevor Daniel;6;809;162;43
SLANDER;6;807;380;431
Yung Gravy;6;802;418;5
Tiakola;6;801;231;113
G Herbo;6;799;383;4
wave to earth;6;795;966;58
D.O.D;6;795;558;22
Falling In Reverse;6;789;582;12
Matchbox Twenty;6;789;98;36
Ludwig van Beethoven;6;784;662;16
YUNGBLUD;6;779;584;16
Gloria Groove;6;774;629;48
Naeleck;6;771;986;44
Lily Allen;6;768;399;987
Ferrugem;6;768;151;12
Marilyn Manson;6;764;181;3
Dom Dolla;6;763;137;4
Shafqat Amanat Ali;6;755;745;13
Kenia OS;6;752;449;3
Jamie Miller;6;748;550;21
HVME;6;745;395;10
Dreamville;6;741;877;4
BANNERS;6;740;96;1
Lil Pump;6;738;805;7
Ayushmann Khurrana;6;730;227;52
Toosii;6;720;793;22
Duke Dumont;6;714;435;223
Megan Moroney;6;714;429;31
Masego;6;710;253;25
Callejero Fino;6;699;575;34
Gloria Estefan;6;696;606;6
88rising;6;695;82;2
Kina;6;684;382;8
Michelle Maciel;6;683;457;34
Cavetown;6;683;6;14
Gloria Trevi;6;671;30;5
KEVIN ROLDAN;6;670;587;16
Ace of Base;6;665;71;10
Billy Ray Cyrus;6;664;516;10
Adriano Rhod;6;661;405;8
Ludacris;6;656;208;7
Joyner Lucas;6;655;489;65
Deep Purple;6;655;221;5
Marta SÃ¡nchez;6;651;729;17
Los Bukis;6;650;734;22
J Alvarez;6;643;715;10
Anand Raj Anand;6;643;405;4
42 Dugg;6;641;927;978
Lalo Ebratt;6;638;947;8
Michael Schulte;6;638;878;14
Astrid S;6;638;440;13
La Quinta Estacion;6;637;722;3
Mariah Angeliq;6;636;670;21
Los Dareyes De La Sierra;6;629;412;25
Martin Jensen;6;628;882;10
Moby;6;627;516;10
Mc Delux;6;623;143;142
Slowboy;6;622;381;33
Jim Croce;6;618;827;34
Garry Sandhu;6;612;739;8
Joe Cocker;6;612;505;6
LeÃ³n Larregui;6;610;309;1
Tony Aguirre;6;605;280;22
Faye Webster;6;604;99;14
Cassie;6;600;844;95
Dierks Bentley;6;587;642;7
JISOO;6;587;66;27
Djonga;6;585;287;32
Roar;6;584;165;27
Commodores;6;583;230;21
Russ Millions;6;580;755;75
Toby Keith;6;578;635;12
Seether;6;562;468;4
Vansire;6;555;870;4
Thalapathy Vijay;6;551;458;452
Khruangbin;6;550;844;24
Eric Prydz;6;550;251;26
Buffalo Springfield;6;546;262;13
Fonseca;6;537;169;4
Aziz Hedra;6;534;748;29
Shakthisree Gopalan;6;529;743;5
Yot Club;6;528;885;2
Nightcrawlers;6;528;478;548
Stone Temple Pilots;6;522;596;3
Frankie Valli & The Four Seasons;6;520;167;1
ITZY;6;519;820;14
Ray Dalton;6;514;778;26
Al Green;6;514;184;1
Hesham Abdul Wahab;6;508;213;33
Cypress Hill;6;507;932;17
El Komander;6;506;480;45
Oruam;6;501;359;5
Yeah Yeah Yeahs;6;496;342;11
Greeicy;6;495;794;21
Plain White T's;6;492;980;8
Ashanti;6;488;95;1
Dallass;6;483;772;4
Oxlade;6;479;249;39
The Living Tombstone;6;477;40;6
Nessa Barrett;6;476;686;1
Xand AviÃ£o;6;473;567;7
Aldo Ranks;6;469;819;187
Rob49;6;460;755;58
Olly Murs;6;459;605;5
Gilberto Santa Rosa;6;454;977;4
Emma Steinbakken;6;452;619;49
Tai Verdes;6;451;469;5
Ãneheart;6;450;810;2
Gala;6;450;84;22
Armani White;6;449;540;10
YouNotUs;6;442;258;61
Cardenales De Nuevo LeÃ³n;6;442;248;7
ODESZA;6;439;18;16
9lives;6;436;516;55
Dustin Lynch;6;429;689;18
JACKBOYS;6;427;448;48
Nat King Cole;6;424;44;24
Prod Malax;6;423;641;15
KSHMR;6;423;232;65
The Hollies;6;421;257;12
Lyodra;6;420;673;634
Elle King;6;406;688;19
ARIZONATEARS;6;402;514;14
Bruno & Marrone;6;402;394;7
Charlie Brown Jr.;6;395;800;10
Matisse;6;395;675;20
Pet Shop Boys;6;391;57;9
El Chapo De Sinaloa;6;380;886;20
Dhee;6;369;496;16
Sujatha;6;363;931;6
Eric Land;6;361;809;18
Asal Kolaar;6;359;807;15
Neo Beats;6;353;375;4
Pantera;6;352;954;731
Nes;6;350;695;1
The Alchemist;6;349;631;29
Bronco;6;348;574;5
Apache 207;6;348;87;9
Mc Mika;6;347;445;87
Creed;6;346;909;1
Aitch;6;345;876;37
Romy;6;341;223;4
WuTang Clan;6;339;135;9
Ashnikko;6;333;6;15
Nagalli;6;329;411;6
ATB;6;328;964;19
Alvaro Soler;6;313;179;31
Sanjay Leela Bhansali;6;313;35;16
1nonly;6;311;800;9
Kotim;6;307;280;7
LATIN MAFIA;6;300;549;66
Jimmy Buffett;6;299;79;126
Crystal Castles;6;295;742;10
Dj Chris No Beat;6;294;614;18
Blackstreet;6;291;795;3
John Mellencamp;6;291;748;11
Mr.Kitty;6;283;377;5
Toploader;6;279;695;1
Tinlicker;6;278;297;19
Lauren Daigle;6;274;604;69
Ramones;6;274;31;39
Nardo Wick;6;272;333;166
Anuv Jain;6;271;234;21
Yandar & Yostin;6;269;339;62
Banda Los Recoditos;6;263;940;13
raissa anggiani;6;263;503;205
Krono;6;250;635;5
Vampire Weekend;6;248;992;11
Breaking Benjamin;6;248;245;2
Indila;6;243;88;7
Lazza;6;241;608;5
Mr. Probz;6;238;270;15
deadmau5;6;236;404;488
Muni Long;6;234;161;29
Maite Perroni;6;233;154;15
Semicenk;6;230;358;8
Disciples;6;229;481;3
Stealers Wheel;6;229;304;19
Aaron Smith;6;228;800;6
W&W;6;227;682;24
Clayton & RomÃ¡rio;6;226;246;14
Vijay Yesudas;6;203;484;2
Abraham Mateo;6;202;925;105
TAEYANG;6;199;305;14
CamelPhat;6;196;763;1
Luck Ra;6;196;63;17
Perera DJ;6;194;583;16
Matt Maltese;6;191;642;618
Leo Dan;6;188;698;24
Matoma;6;187;522;8
Tungevaag;6;184;876;12
Ginuwine;6;181;400;5
Beret;6;178;616;1
ERNEST;6;175;500;11
JoÃ£o Gomes;6;174;941;29
RXDXVIL;6;174;620;9
Hiko;6;171;871;34
Teto;6;169;689;654
RÃFÃS DU SOL;6;167;32;1
Wale;6;161;904;17
Waka Flocka Flame;6;152;82;30
Majestic;6;148;938;6
Steely Dan;6;147;794;5
Bobby Pulido;6;141;278;9
Grimes;6;141;85;8
Ãwnboss;6;139;329;319
The xx;6;136;436;30
Corinne Bailey Rae;6;131;123;10
Last Child;6;129;837;21
M. M. Keeravani;6;128;106;6
EXO;6;122;742;3
PÃ©ricles;6;120;316;28
Young Money;6;116;602;11
Wolfgang Amadeus Mozart;6;115;385;12
Bea Miller;6;110;833;6
Wyclef Jean;6;107;463;6
Natalie Imbruglia;6;106;752;10
Kiki Dee;6;104;917;1
Adriel Favela;6;101;314;24
Pusha T;6;87;929;23
Celia Cruz;6;85;576;6
Dulce MarÃ­a;6;81;569;17
Dxrk ãã¼ã¯;6;78;343;1
NCT DREAM;6;72;997;6
Sara Bareilles;6;65;678;21
Cuco;6;62;905;12
Neoni;6;62;594;3
Suki Waterhouse;6;60;605;12
The National;6;57;136;6
Kid Rock;6;57;13;27
The Blessed Madonna;6;54;307;8
Lilly Wood and The Prick;6;52;127;9
Mc Poze do Rodo;6;43;724;3
Panter BÃ©lico;6;43;31;38
Ovi;6;39;802;21
Jazzy;6;35;596;4
Sukriti Kakar;6;33;425;26
Bellakath;6;32;859;17
LP;6;32;591;36
BENEE;6;23;434;121
Obongjayar;6;21;166;211
bÃ´a;6;10;913;26
RBD;6;9;647;14
Lauana Prado;6;6;630;12
Sadfriendd;6;4;133;521
New Order;5;999;430;13
Shinedown;5;998;829;4
FrÃ©dÃ©ric Chopin;5;998;524;15
Los AutÃ©nticos Decadentes;5;996;276;1
Sheck Wes;5;991;735;6
Alle Farben;5;984;512;1
Westside Gunn;5;984;415;54
Chris Young;5;983;454;35
CRO;5;980;932;14
Pesado;5;978;102;38
Bruno Martini;5;977;863;4
Chase & Status;5;976;556;18
La Roux;5;974;833;30
Kevin Gates;5;973;41;4
Akhil;5;965;770;1
Conor Maynard;5;962;639;12
ThxSoMch;5;958;414;30
Carly Simon;5;946;527;38
DIVINE;5;942;55;56
Mc Kevin;5;937;708;19
gnash;5;936;780;58
DDG;5;936;525;2
The Emotions;5;930;566;1
Ski Aggu;5;923;929;10
Chefin;5;920;459;18
Sam C.S.;5;913;782;55
11:11 Music Group;5;906;998;19
Simply Red;5;894;467;3
Stevie Nicks;5;891;672;37
Billy Currington;5;890;547;17
Lucky Daye;5;888;435;2
IU;5;887;646;12
Rainbow Kitten Surprise;5;883;763;20
Air Supply;5;882;855;15
Anvita Dutt;5;873;856;14
Mc Davi;5;872;226;12
Alejo;5;869;706;97
Boza;5;855;587;13
AnahÃ­;5;852;75;18
Kaskade;5;849;6;13
The Bangles;5;843;492;1
Grupo Niche;5;842;270;2
Phantogram;5;839;773;388
The Pointer Sisters;5;838;959;6
RADWIMPS;5;836;676;5
Lennon Stella;5;828;897;17
Duelo;5;827;392;12
Pat Benatar;5;825;536;5
Arizona Zervas;5;823;590;4
Alvaro Diaz;5;823;414;7
Jet;5;823;302;11
Ana Mena;5;820;910;10
Suzanne D'Mello;5;819;657;11
JubÃ«l;5;819;473;23
Cat Burns;5;817;846;31
Frankie Ruiz;5;817;729;9
Gabby Barrett;5;817;342;3
Brett Young;5;813;932;43
thuy;5;808;15;17
GoldLink;5;807;342;10
Rob Zombie;5;806;788;6
Ana BÃ¡rbara;5;804;841;17
Chris Isaak;5;802;66;4
Peter Gabriel;5;801;260;7
Madism;5;801;190;44
Dillon Francis;5;800;827;1
TRASHXRL;5;799;172;14
Red Velvet;5;797;937;6
A Touch Of Class;5;797;608;5
Alexander Stewart;5;792;141;43
La Mosca TseTse;5;791;36;327
Kenny Dope;5;790;912;4
Steppenwolf;5;790;885;14
MC Menor MT;5;787;911;334
Chino & Nacho;5;786;852;10
Mike Perry;5;786;843;45
LilyRose Depp;5;786;818;39
Bryan Martin;5;786;225;356
ChitÃ£ozinho & XororÃ³;5;784;285;23
Hungria Hip Hop;5;782;625;3
Tyler Hubbard;5;781;660;72
Sub Urban;5;779;107;7
James Taylor;5;775;165;3
Whitesnake;5;773;102;1
Caifanes;5;772;645;15
Martin Solveig;5;772;235;12
Rich The Kid;5;770;895;15
Beny Jr;5;768;253;12
Naldo Benny;5;767;816;3
Elevation Worship;5;759;350;6
PSY;5;756;616;11
Kris Kross Amsterdam;5;753;650;19
Money Man;5;752;902;35
Wings;5;746;821;13
Virlan Garcia;5;742;273;28
ValentÃ­n Elizalde;5;739;586;6
Bas;5;736;32;71
LSD;5;735;368;11
Los Temerarios;5;734;984;36
Naps;5;732;205;11
Yo Gotti;5;730;514;44
Tom Jones;5;729;399;37
Christian ChÃ¡vez;5;727;190;18
A Tribe Called Quest;5;726;158;5
La Ley;5;719;979;24
Los Fabulosos Cadillacs;5;719;340;2
RAF Camora;5;717;441;21
Quality Control;5;716;972;28
Aastha Gill;5;715;876;535
Abhijay Sharma;5;709;827;28
Modern Talking;5;709;669;12
Teddy Swims;5;706;645;45
Paradox;5;705;107;11
Pierce The Veil;5;704;210;6
Mc JacareÌ;5;695;310;1
Alice Cooper;5;691;834;2
Vanessa Carlton;5;689;510;5
Ed Maverick;5;686;166;6
Cookin' On 3 Burners;5;685;420;5
Grover Washington  Jr.;5;685;91;15
Mark Morrison;5;683;79;5
Ricchi E Poveri;5;681;238;4
The Human League;5;680;811;667
Dayglow;5;674;850;16
City Girls;5;674;219;4
Leony;5;671;458;17
Dean Martin;5;670;370;33
Sam Fischer;5;667;558;6
salem ilese;5;666;254;9
Klaas;5;658;306;8
Nacho;5;657;267;27
TOLCHONOV;5;656;843;30
Capo Plaza;5;651;637;8
Yiyo Sarante;5;650;385;21
Edward Sharpe & The Magnetic Zeros;5;647;748;8
Good Charlotte;5;641;467;3
Asake;5;640;895;23
Luude;5;638;719;1
Codiciado;5;638;662;11
Mabel Matiz;5;636;924;786
Gaab;5;635;443;23
Bone ThugsNHarmony;5;633;774;52
GORDÃO DO PC;5;633;229;16
imase;5;632;923;11
Madhur Sharma;5;626;247;51
REO Speedwagon;5;626;38;7
Ari Abdul;5;623;507;11
Dopamine;5;623;391;2
The Rare Occasions;5;620;568;13
Cian Ducrot;5;617;338;37
Donna Summer;5;614;520;3
Riley Green;5;612;574;11
IZA;5;612;318;45
Janet Jackson;5;607;659;5
Afgan;5;605;853;22
Dubdogz;5;605;586;12
MoonDeity;5;604;684;6
Ghostemane;5;599;751;1
6arelyhuman;5;597;344;2
KIDDO;5;596;583;26
Andrea Bocelli;5;594;155;3
Frankie Valli;5;591;748;1
Dylan Scott;5;582;471;5
Au/Ra;5;582;389;8
AnandMilind;5;579;28;10
LGante;5;578;133;12
Turma do Pagode;5;575;97;38
Tom Rosenthal;5;573;894;2
Maldy;5;566;826;30
Omar Varela;5;564;940;41
Don Henley;5;560;94;890
southstar;5;548;972;13
Haley Reinhart;5;548;552;7
Luis Mexia;5;548;82;5
Eddie Santiago;5;539;283;17
Alan Gomez;5;532;449;420
Savage Garden;5;526;918;2
Stefflon Don;5;524;458;4
Jigar Saraiya;5;523;47;9
Baby Tate;5;520;562;10
Angus & Julia Stone;5;514;273;3
S. Janaki;5;513;29;2
Helsloot;5;508;0;37
N.W.A.;5;505;285;46
Volbeat;5;502;566;5
Flo Milli;5;501;444;41
Dewa 19;5;501;235;47
vaultboy;5;490;461;43
Yebba;5;482;727;569
Maninder Buttar;5;481;944;29
Gur Sidhu;5;481;672;25
Vidyasagar;5;478;898;1
Yung Lean;5;470;331;45
Keisya Levronka;5;469;605;32
Sezen Aksu;5;469;120;893
Thiaguinho;5;468;388;38
For Revenge;5;464;494;11
Mrs. GREEN APPLE;5;463;651;7
Awdella;5;463;582;2
Flowdan;5;463;217;41
YOVNGCHIMI;5;459;116;16
Still Woozy;5;457;956;10
Canserbero;5;457;808;12
Kim Carnes;5;452;849;23
El Chachito;5;448;677;18
Victor Thompson;5;448;503;16
Riar Saab;5;440;350;29
Clinton Kane;5;438;819;6
Gipsy Kings;5;434;951;7
Four Tops;5;432;920;11
Elefante;5;422;283;16
Lefty Sm;5;409;932;191
Lupe Fiasco;5;406;219;4
Sohail Sen;5;403;286;12
Sonder;5;400;651;10
Sevek;5;398;651;8
Teezo Touchdown;5;395;227;67
Jamie Foxx;5;394;594;3
Baby Gang;5;392;111;2
Huey Lewis & The News;5;391;967;13
Eiffel 65;5;390;391;16
LF SYSTEM;5;389;552;2
Roberto Carlos;5;386;395;4
CeeLo Green;5;383;566;53
Jennifer Warnes;5;381;530;7
ICON;5;377;896;217
Salim Merchant;5;377;661;8
UZI;5;374;125;11
MC Caja;5;371;985;47
SinÃ©ad O'Connor;5;365;408;63
Mufasa & Hypeman;5;363;435;4
g3ox_em;5;360;272;8
Dexys Midnight Runners;5;359;413;11
Tujamo;5;358;925;5
K.Flay;5;357;591;8
Idgitaf;5;356;732;129
Supermode;5;353;187;11
Summer Cem;5;349;708;5
Bruno Major;5;347;53;8
Jacquees;5;346;989;71
Emmanuel;5;346;227;9
Vundabar;5;346;127;10
EnnyMae;5;345;22;55
Miky Woodz;5;344;736;10
Batas Senja;5;339;137;27
Daya;5;338;959;5
Borges;5;335;195;7
Lil Jon & The East Side Boyz;5;334;135;1
Chris Lake;5;332;706;5
The Chicks;5;332;535;17
El Padrinito Toys;5;328;495;11
Michael Giacchino;5;326;143;987
CJ;5;325;611;5
Xavier Wulf;5;320;312;4
Hillsong Worship;5;319;501;3
Fuego;5;319;105;13
Phoenix;5;318;692;2
Estelle;5;317;839;12
La K'onga;5;313;823;4
Jake Owen;5;313;820;17
Claude Debussy;5;310;857;17
Anuradha Sriram;5;307;403;64
Ingratax;5;304;725;36
Tornillo;5;303;346;11
Westlife;5;300;30;872
Mecano;5;299;434;6
Reyli Barba;5;292;459;6
Mae Muller;5;290;637;24
JEON SOMI;5;288;735;34
Skepta;5;287;855;2
FKJ;5;287;623;2
Damian Marley;5;285;846;3
The Kolors;5;281;135;17
Robin Thicke;5;280;360;7
GuÃ¨;5;280;88;3
Cedric Gervais;5;279;702;2
Vishal Chandrashekhar;5;276;593;249
CafunÃ©;5;273;275;6
Pretenders;5;269;480;4
Extreme;5;269;266;9
Zeeba;5;268;980;14
Alejandra Guzman;5;268;419;16
Boyz II Men;5;267;806;5
Randy;5;267;366;24
Yura Yunita;5;264;950;574
Hillsong UNITED;5;264;609;738
La Factoria;5;263;938;19
Brandy;5;262;182;17
6YNTHMANE;5;258;249;3
Marnik;5;257;714;40
Amaarae;5;256;368;5
Liam Payne;5;256;111;7
Deepend;5;255;763;20
Old Jim;5;253;672;65
R. City;5;250;888;15
Mobb Deep;5;248;92;9
Yasser Desai;5;247;211;505
The Calling;5;244;167;9
Megadeth;5;243;596;576
Budi Doremi;5;243;551;2
HÃ©ctor El Father;5;236;407;2
Paloma Mami;5;235;80;11
Hollow Coves;5;230;817;3
Lola Amour;5;224;235;2
Lifehouse;5;224;90;6
Mohammed Rafi;5;223;361;14
Declan McKenna;5;223;215;23
Dadju;5;222;196;1
AnnenMayKantereit;5;221;614;8
The Score;5;221;178;4
Damso;5;220;16;4
Travie McCoy;5;219;0;13
Slayer;5;216;826;8
DannyLux;5;211;483;73
Yohani;5;208;463;1
JÃ³sean Log;5;206;24;573
Lourena;5;203;305;46
Chord Overstreet;5;202;733;18
347aidan;5;202;19;33
Natalie Cole;5;200;736;6
AJ Tracey;5;200;593;147
Miksu / Macloud;5;197;746;15
Jakes Bejoy;5;195;616;33
Safri Duo;5;192;641;34
Punctual;5;190;803;6
Auli'i Cravalho;5;190;662;37
Love Funk;5;189;815;6
OFFICIAL HIGE DANDISM;5;189;533;13
Parker McCollum;5;187;842;13
Los 2 de la S;5;187;279;6
Vengaboys;5;184;467;4
Bausa;5;178;867;37
Yuri Redicopa;5;177;751;15
Seal;5;174;965;59
KYLE;5;171;771;12
Axwell;5;169;1;11
Sido;5;167;480;8
reidenshi;5;164;722;4
George Benson;5;160;734;14
AngÃ¨le;5;160;323;14
Tayc;5;158;404;7
The Monkees;5;154;577;9
creamy;5;151;580;16
Walker Hayes;5;145;882;23
Ami Mishra;5;145;747;10
Aditya Rikhari;5;142;370;2
Avvy Sra;5;142;370;11
Sadie Jean;5;139;811;11
Chris MC;5;137;527;10
Yoko Gold;5;136;51;16
Takagi & Ketra;5;136;51;13
Jamiroquai;5;133;107;8
Ruel;5;132;839;10
Delacruz;5;128;705;16
NDX A.K.A.;5;127;508;58
A Day To Remember;5;124;985;22
lucidbeatz;5;124;322;28
Elvis Crespo;5;124;57;28
Jerry Rivera;5;123;659;11
Eliza Rose;5;122;997;16
Edwin Luna y La Trakalosa de Monterrey;5;119;561;28
Surf Mesa;5;115;479;23
Polo Gonzalez;5;112;984;9
Nicky Romero;5;109;581;9
LUCKI;5;107;622;17
Jay Rock;5;106;970;5
Ezhel;5;106;840;33
ANAVITÃRIA;5;98;401;10
Twisted Sister;5;98;13;35
JosÃ© GonzÃ¡lez;5;96;721;8
John Williams;5;92;726;14
Ziva Magnolya;5;89;644;2
Walk off the Earth;5;81;215;16
Dimitri Vegas;5;79;816;7
Pras;5;79;689;8
Marina Sena;5;73;736;76
Vince Staples;5;72;348;7
Jere Klein;5;65;934;15
Jasmine Sandlas;5;65;433;3
Juhn;5;62;680;2
Tempoe;5;60;183;15
Neto PeÃ±a;5;58;813;21
Marracash;5;58;66;1
Kelis;5;56;77;9
Nathan Evans;5;55;84;6
Gurlez Akhtar;5;55;84;27
Billy Ocean;5;54;340;8
Sharn;5;46;311;5
Little Big Town;5;44;467;11
NATHY PELUSO;5;43;853;54
Mike BahÃ­a;5;43;730;19
DJ LUCAS DE PAULA;5;42;136;3
Naza;5;41;278;12
Mareux;5;40;544;8
zzoilo;5;39;199;9
Antonio Vivaldi;5;36;514;13
Yung Bleu;5;36;26;9
JÃ£o;5;35;661;38
Yuri;5;31;164;8
EST Gee;5;30;73;9
40k;5;28;741;6
Brad Paisley;5;27;48;4
Ivy Queen;5;19;585;8
DJ BOY;5;14;559;31
Young Dolph;5;14;82;8
NOTD;5;13;843;24
BLANCO;5;13;9;2
Murda;5;12;55;2
Rachel Platten;5;8;726;17
Lil' Kim;5;8;14;25
Aldo Trujillo;5;4;461;31
Jass Manak;5;4;461;25
Shenseea;4;996;101;68
Andy Rivera;4;990;719;9
Warren G;4;988;155;1
Pradeep Kumar;4;987;922;2
Felipe AraÃºjo;4;986;875;49
Cream;4;985;829;11
Amenazzy;4;985;133;2
mxmtoon;4;983;509;16
Lil Skies;4;981;194;2
Desiigner;4;977;846;10
Andmesh;4;975;313;1
Dr. Dog;4;974;738;10
Marisela;4;973;360;19
Alex Gaudino;4;972;442;18
Mau P;4;971;869;5
Judas Priest;4;971;296;9
NEIKED;4;970;151;16
Ella Fitzgerald;4;968;436;10
Dardan;4;966;724;59
Josh Turner;4;965;698;2
Brendon Urie;4;963;649;33
K. J. Yesudas;4;963;81;4
ANNA;4;962;513;2
Cutting Crew;4;961;377;8
Blue Ãyster Cult;4;961;151;3
Victony;4;960;130;7
Los Plebes del Rancho de Ariel Camacho;4;959;337;14
Pancho Barraza;4;957;300;1
Snoh Aalegra;4;954;140;8
ChiChi Peralta;4;951;889;28
Nate Smith;4;949;979;36
Ariel Camacho y Los Plebes Del Rancho;4;949;194;15
The Paul;4;946;393;9
Lloyd;4;941;595;1
Godsmack;4;941;595;2
Rocco Hunt;4;937;261;13
Michael Sembello;4;929;637;17
MC LCKaiique;4;919;994;62
BIBI;4;919;122;34
Tori Kelly;4;918;468;12
Nothing But Thieves;4;917;706;176
MC PR;4;915;531;7
PLK;4;910;763;4
MC Marks;4;909;466;32
Omar Courtz;4;907;524;67
Simge;4;906;555;14
Third Eye Blind;4;906;555;12
Nanpa BÃ¡sico;4;906;16;7
Arsy Widianto;4;904;941;6
K391;4;902;685;107
yuji;4;901;934;39
Andra & The Backbone;4;900;6;26
Jay Trak;4;895;628;67
Mohammed Irfan;4;894;137;1
Belinda Carlisle;4;893;392;8
Tee Grizzley;4;890;843;174
MotÃ¶rhead;4;889;676;2
Glee Cast;4;888;511;10
Vini Vici;4;887;982;12
Swarnalatha;4;886;185;12
Cochise;4;885;446;4
Armand Van Helden;4;879;972;25
Alexandra Stan;4;878;608;1
LAGOS;4;874;840;13
Eric Carmen;4;871;85;13
SIRA;4;870;877;30
Russell Dickerson;4;870;565;15
Blueface;4;870;45;90
Bella Poarch;4;869;5;13
BUNT.;4;867;240;43
Juicy Luicy;4;866;929;5
Tom Morello;4;866;515;14
Mandy Moore;4;865;582;3
The Righteous Brothers;4;864;340;8
Shiva;4;863;306;11
Clementine Douglas;4;860;5;34
Michael Kiwanuka;4;858;358;2
Sam Tinnesz;4;856;919;12
Mimi Webb;4;852;921;31
The Cinematic Orchestra;4;845;681;1
Diego Torres;4;842;536;19
Aruma;4;837;482;7
Conjunto Primavera;4;837;281;16
Bonez MC;4;836;877;6
La Santa Grifa;4;834;60;14
The Supremes;4;832;252;12
Isaiah Rashad;4;831;651;5
Naiara Azevedo;4;831;149;3
The Red Jumpsuit Apparatus;4;827;148;1
Berlin;4;826;450;28
Interplanetary Criminal;4;824;456;6
Kaifi Khalil;4;823;63;12
Lary Over;4;822;864;1
Vaundy;4;822;765;11
grandson;4;820;183;6
Bo Burnham;4;819;390;4
High School Musical Cast;4;816;816;1
Jordin Sparks;4;816;125;8
Bnxn;4;815;532;4
Jon Bellion;4;813;559;8
Lil Tracy;4;813;67;3
Pyotr Ilyich Tchaikovsky;4;811;98;8
MC Kevinho;4;810;116;10
Village People;4;809;330;24
Alex Ubago;4;808;251;1
Allman Brothers Band;4;804;239;684
Juicy J;4;804;43;6
Belo;4;803;946;4
Alina Baraz;4;802;92;27
Bappi Lahiri;4;799;463;972
Uncle Kracker;4;798;977;10
BROCKHAMPTON;4;796;550;8
Craig David;4;793;65;4
WOS;4;789;110;38
Los Cadetes De Linares;4;786;802;7
HRVY;4;786;226;20
Sonny Fodera;4;785;746;34
CORBAL;4;783;445;478
Nic D;4;782;775;12
Diego Verdaguer;4;779;431;15
T3R Elemento;4;778;573;3
Nitesh Ujoli;4;776;763;2
Sunny Yaduvanshi;4;774;197;2
cade clair;4;773;628;17
Lou Bega;4;772;301;7
Sheila On 7;4;768;706;16
Toledo;4;766;349;12
Sorriso Maroto;4;765;783;10
Paolo Nutini;4;765;689;18
Hensonn;4;764;278;1
Lali;4;763;808;96
Chaka Khan;4;760;898;8
Grupo Los de la O;4;759;681;842
Os BarÃµes Da Pisadinha;4;758;839;51
Sefo;4;758;90;1
R.K.M & KenY;4;757;530;4
Priya Saraiya;4;754;79;20
MC Celo BK;4;751;289;61
Ãejo & Dalmata;4;746;9;1
Corona;4;742;504;27
Poppy Baskcomb;4;740;296;33
Silambarasan TR;4;739;561;5
Los Abuelos De La Nada;4;739;10;13
Jaziel Avilez;4;738;918;1
Dylan Matthew;4;738;551;1
$werve;4;734;522;8
Lucas Estrada;4;732;878;7
CÃ³digo FN;4;731;146;104
YoYo Ma;4;728;871;18
Corey Kent;4;728;144;9
Keala Settle;4;725;694;3
Zak Abel;4;724;878;5
ATrak;4;724;697;9
Fabio Asher;4;722;346;2
Sickick;4;721;533;7
Sanam;4;720;811;23
Gustavo Cerati;4;720;541;5
Reynmen;4;720;0;1
Ado;4;713;261;12
Redbone;4;712;187;9
Gabriela Rocha;4;712;187;19
Royal Philharmonic Orchestra;4;708;971;6
Amy Macdonald;4;708;703;15
Tippu;4;708;79;4
Bullet For My Valentine;4;707;545;7
That Mexican OT;4;706;743;34
Fernando & Sorocaba;4;706;476;23
Kenny Beats;4;704;609;14
KenY;4;701;771;23
James TW;4;701;62;15
Chimbala;4;700;266;21
Richard Marx;4;698;322;11
Los Invasores De Nuevo LeÃ³n;4;696;29;1
Noah;4;694;972;20
The Greatest Showman Ensemble;4;694;532;5
Roberta Flack;4;693;477;25
Chris Janson;4;692;335;39
Pav Dharia;4;691;457;10
The Backseat Lovers;4;690;405;3
putri dahlia;4;688;654;45
Stacey Ryan;4;688;479;29
MC Caverinha;4;686;731;50
Hugh Jackman;4;686;557;7
Iggy Pop;4;686;33;6
Caio Luccas;4;684;289;5
Janieck;4;684;289;15
Grupo Mojado;4;683;854;24
Gigamesh;4;683;505;1
Mano;4;681;71;6
Rupert Holmes;4;680;810;1
Manni Sandhu;4;680;723;2
Imran Khan;4;678;295;4
Michel TelÃ³;4;676;564;10
Mijares;4;675;872;13
Lil Mabu;4;675;181;11
Jon Batiste;4;674;490;2
Kaash Paige;4;672;507;13
Erik Satie;4;672;421;14
Switch Disco;4;669;668;6
Jaden;4;669;410;9
MUPP;4;664;783;6
Joel De La P;4;661;794;14
Carly Pearce;4;660;90;22
Roisee;4;659;920;70
SCH;4;655;927;14
Naresh Kamath;4;655;757;42
Barry White;4;653;640;11
OBOY;4;651;526;2
Leon James;4;647;229;5
The Magician;4;645;212;5
BjÃ¶rn Skifs;4;641;777;18
Prabh Singh;4;641;693;63
S.P. Charan;4;640;105;7
Jawsh 685;4;639;354;250
Paresh Kamath;4;638;603;42
R. Kelly;4;637;769;1
Tesher;4;637;769;21
Morray;4;637;686;584
Rixton;4;634;524;10
Conrad Sewell;4;628;807;12
Tom Misch;4;627;651;18
Thin Lizzy;4;624;354;1
Zahrah S Khan;4;624;190;2
Anson Seabra;4;621;971;8
Kid Ink;4;620;248;11
cakal;4;620;2;820
Nena;4;619;183;6
NEIMY;4;618;774;4
Guilherme & Santiago;4;613;712;8
Hadise;4;613;468;13
Hollywood Undead;4;605;356;9
DVBBS;4;603;419;20
Arem Ozguc;4;601;565;6
Arman Aydin;4;601;404;6
Pooh Shiesty;4;599;956;23
Claptone;4;594;344;5
Sam Tompkins;4;593;385;4
Super Yei;4;591;549;16
Pablo ChillE;4;590;433;11
Anna Kendrick;4;589;796;1
Grupo RevelaÃ§Ã£o;4;589;558;39
Mitchell Tenpenny;4;589;160;36
Nico & Vinz;4;585;982;635
Inspector;4;579;576;8
Ammy Virk;4;579;261;13
DÃ­melo Flow;4;576;34;9
Ken Carson;4;575;485;5
RunâD.M.C.;4;574;150;20
James Brown;4;570;470;11
Warren Zeiders;4;567;972;24
DJ Ak beats;4;567;583;15
Liana Flores;4;565;636;8
Fabolous;4;561;211;1
Monica;4;561;56;7
Madcon;4;560;978;13
Alexis y Fido;4;559;585;7
Rick Springfield;4;559;276;2
Emir Can Ä°Ärek;4;558;425;14
A Great Big World;4;557;885;4
Divya Kumar;4;557;653;8
Los Gemelos De Sinaloa;4;557;576;30
XG;4;553;184;35
MC Davo;4;553;184;31
Tiziano Ferro;4;552;723;13
Cheap Trick;4;552;646;5
Daniel Hope;4;552;416;1
Against The Current;4;551;725;21
Mc Tato;4;550;957;9
Geolier;4;548;122;307
Chani Nattan;4;546;364;5
Mani Sharma;4;545;830;10
Bryce Vine;4;544;533;23
Dent May;4;544;304;34
Aleks Syntek;4;543;313;12
LucaDante Spadafora;4;543;161;29
Adie;4;541;183;11
Ananya Bhat;4;541;31;3
Ben Howard;4;540;575;1
Pixote;4;539;57;37
Barbra Streisand;4;536;860;8
Ludwig GÃ¶ransson;4;535;876;4
Mukesh;4;534;440;14
Niska;4;533;157;10
Major RD;4;522;650;62
Amanda Seyfried;4;521;233;5
Ranjith Govind;4;521;83;12
Tedua;4;519;147;670
Luther Vandross;4;518;328;11
MERO;4;516;990;1
ZHU;4;514;320;38
jnhygs;4;514;98;15
Ray LaMontagne;4;514;24;7
Poison;4;511;65;18
Four Tet;4;510;844;33
JosÃ© Feliciano;4;504;880;294
Wheatus;4;504;440;23
PnB Rock;4;503;706;2
DYSTINCT;4;503;633;11
Vegedream;4;500;192;6
Nadson O Ferinha;4;500;192;10
Kanishk Seth;4;496;543;6
Vicentico;4;495;815;11
LIZOT;4;495;15;15
Peter Plate;4;495;15;14
Showtek;4;494;361;7
Blind Melon;4;492;763;11
Mustafa Zahid;4;489;68;72
Dan Caplen;4;488;56;1
fam0uz;4;487;261;10
Yovie Widianto;4;482;76;12
Hypaton;4;479;350;17
Dybbukk;4;479;278;12
Carpenters;4;477;918;6
Disco Lines;4;476;702;15
Ulf Leo Sommer;4;475;987;15
Staind;4;474;988;214
Vicetone;4;473;206;7
Ben&Ben;4;472;921;2
Olivia O'Brien;4;472;778;3
Shiraz Uppal;4;471;924;7
Julien Marchal;4;471;426;21
RubÃ©n Blades;4;469;863;3
Aloe Blacc;4;465;470;14
Kapil Kapilan;4;462;433;66
Kontra K;4;462;10;19
Ali Sethi;4;461;658;7
Pouya;4;454;776;8
Ayparia;4;453;28;70
t.A.T.u.;4;452;888;4
Xanemusic;4;451;352;1
Nina Chuba;4;450;864;70
Fran C;4;449;818;6
Night Lovell;4;448;913;4
Sophie and the Giants;4;445;924;1
ZÃ© Vaqueiro;4;445;716;25
Otto Knows;4;442;806;9
Ravi Basrur;4;436;115;8
Lucas & Steve;4;431;792;17
Harish Raghavendra;4;430;287;6
MÅnia;4;429;740;10
Blue Swede;4;428;442;14
Gorgon City;4;427;623;8
SXMPRA;4;426;124;681
Hamza;4;425;579;15
Ikka;4;425;307;3
Srinivas;4;420;12;1
MÃ½a;4;418;997;12
Take That;4;418;862;3
Toni Braxton;4;418;862;5
Rich Music LTD;4;418;118;5
Madan Mohan;4;417;780;6
Snakehips;4;416;767;22
Shae Gill;4;416;497;202
TayK;4;415;620;14
Waylon Jennings;4;414;811;2
Shoti;4;413;599;10
JoÃ£o Bosco & Vinicius;4;408;832;34
Djavan;4;408;95;11
Fedez;4;407;894;21
CHVRCHES;4;403;219;10
DJ Yuri Martins;4;401;888;11
SaltNPepa;4;399;893;24
Skank;4;398;35;14
Dhibu Ninan Thomas;4;397;703;6
Manan Bhardwaj;4;397;41;43
Jon Secada;4;392;941;263
jhope;4;392;348;2
Joy Division;4;392;150;11
Pinguini Tattici Nucleari;4;391;952;22
La T y La M;4;391;293;3
Modest Mouse;4;387;676;3
Afro Bros;4;384;6;31
thiarajxtt;4;383;940;6
Mr Eazi;4;383;417;2
Twista;4;379;827;19
Naughty Boy;4;377;548;36
Kizz Daniel;4;374;432;6
Pinkfong;4;371;131;6
Laura Branigan;4;368;807;7
BIN;4;368;162;774
DJ Scheme;4;367;131;3
Molotov;4;359;370;3
Hande Yener;4;359;306;7
TWISTED;4;357;455;13
Julio Iglesias;4;353;126;12
I Prevail;4;352;808;1
PNL;4;349;511;126
Damas Gratis;4;349;68;23
Baby Bash;4;347;930;6
Yellowcard;4;346;982;20
Dj Chetas;4;345;530;17
Shruti Pathak;4;345;467;4
ANOTR;4;342;4;3
Meat Loaf;4;340;434;8
La Sonora Dinamita;4;338;616;7
NO1NOAH;4;335;550;2
lucaf.;4;335;550;11
Sebastian Ingrosso;4;334;551;7
Puddle Of Mudd;4;331;871;10
Headie One;4;327;832;33
Spandau Ballet;4;325;602;7
Rkomi;4;322;636;3
Imogen Heap;4;318;817;43
Annalisa;4;318;633;4
Travis Tritt;4;318;141;8
LegiÃ£o Urbana;4;318;80;32
Agust D;4;315;441;5
Seu Jorge;4;312;748;20
Drowning Pool;4;309;452;5
Onda Sabanera;4;306;896;304
Mura Masa;4;305;378;76
SG Lewis;4;298;481;1
Grupo Recluta;4;297;878;19
Chalino Sanchez;4;296;192;5
Styx;4;295;710;2
Kris Kristofferson;4;294;989;13
Tierry;4;293;968;27
Ritviz;4;292;828;1
Merk & Kremont;4;292;348;8
Parson James;4;291;689;7
Christopher Jackson;4;286;251;43
Rush;4;285;59;5
YBN Nahmir;4;281;434;3
JosÃ© Luis Perales;4;279;952;1
Olamide;4;279;241;415
Shalmali Kholgade;4;277;53;6
La Receta;4;276;935;22
Violet Days;4;274;633;37
